image_rel_path,lithium_battery_likely,mercury_lamp,crt_display,damaged_battery_visible
not_ewaste/SYNTH_SESSION_01/SYNTH_not_ewaste_0000.jpg,0,0,0,0
not_ewaste/SYNTH_SESSION_02/SYNTH_not_ewaste_0001.jpg,0,0,0,0
not_ewaste/SYNTH_SESSION_03/SYNTH_not_ewaste_0002.jpg,0,0,0,0
not_ewaste/SYNTH_SESSION_04/SYNTH_not_ewaste_0003.jpg,0,0,0,0
not_ewaste/SYNTH_SESSION_01/SYNTH_not_ewaste_0004.jpg,0,0,0,0
not_ewaste/SYNTH_SESSION_02/SYNTH_not_ewaste_0005.jpg,0,0,0,0
not_ewaste/SYNTH_SESSION_03/SYNTH_not_ewaste_0006.jpg,0,0,0,0
not_ewaste/SYNTH_SESSION_04/SYNTH_not_ewaste_0007.jpg,0,0,0,0
not_ewaste/SYNTH_SESSION_01/SYNTH_not_ewaste_0008.jpg,0,0,0,0
not_ewaste/SYNTH_SESSION_02/SYNTH_not_ewaste_0009.jpg,0,0,0,0
not_ewaste/SYNTH_SESSION_03/SYNTH_not_ewaste_0010.jpg,0,0,0,0
not_ewaste/SYNTH_SESSION_04/SYNTH_not_ewaste_0011.jpg,0,0,0,0
not_ewaste/SYNTH_SESSION_01/SYNTH_not_ewaste_0012.jpg,0,0,0,0
not_ewaste/SYNTH_SESSION_02/SYNTH_not_ewaste_0013.jpg,0,0,0,0
not_ewaste/SYNTH_SESSION_03/SYNTH_not_ewaste_0014.jpg,0,0,0,0
not_ewaste/SYNTH_SESSION_04/SYNTH_not_ewaste_0015.jpg,0,0,0,0
not_ewaste/SYNTH_SESSION_01/SYNTH_not_ewaste_0016.jpg,0,0,0,0
not_ewaste/SYNTH_SESSION_02/SYNTH_not_ewaste_0017.jpg,0,0,0,0
not_ewaste/SYNTH_SESSION_03/SYNTH_not_ewaste_0018.jpg,0,0,0,0
not_ewaste/SYNTH_SESSION_04/SYNTH_not_ewaste_0019.jpg,0,0,0,0
phone_tablet/SYNTH_SESSION_01/SYNTH_phone_tablet_0000.jpg,0,0,0,0
phone_tablet/SYNTH_SESSION_02/SYNTH_phone_tablet_0001.jpg,0,0,0,0
phone_tablet/SYNTH_SESSION_03/SYNTH_phone_tablet_0002.jpg,0,0,0,0
phone_tablet/SYNTH_SESSION_04/SYNTH_phone_tablet_0003.jpg,0,0,0,0
phone_tablet/SYNTH_SESSION_01/SYNTH_phone_tablet_0004.jpg,0,0,0,0
phone_tablet/SYNTH_SESSION_02/SYNTH_phone_tablet_0005.jpg,0,0,0,0
phone_tablet/SYNTH_SESSION_03/SYNTH_phone_tablet_0006.jpg,0,0,0,0
phone_tablet/SYNTH_SESSION_04/SYNTH_phone_tablet_0007.jpg,0,0,0,0
phone_tablet/SYNTH_SESSION_01/SYNTH_phone_tablet_0008.jpg,0,0,0,0
phone_tablet/SYNTH_SESSION_02/SYNTH_phone_tablet_0009.jpg,0,0,0,0
phone_tablet/SYNTH_SESSION_03/SYNTH_phone_tablet_0010.jpg,0,0,0,0
phone_tablet/SYNTH_SESSION_04/SYNTH_phone_tablet_0011.jpg,0,0,0,0
phone_tablet/SYNTH_SESSION_01/SYNTH_phone_tablet_0012.jpg,0,0,0,0
phone_tablet/SYNTH_SESSION_02/SYNTH_phone_tablet_0013.jpg,0,0,0,0
phone_tablet/SYNTH_SESSION_03/SYNTH_phone_tablet_0014.jpg,0,0,0,0
phone_tablet/SYNTH_SESSION_04/SYNTH_phone_tablet_0015.jpg,0,0,0,0
phone_tablet/SYNTH_SESSION_01/SYNTH_phone_tablet_0016.jpg,0,0,0,0
phone_tablet/SYNTH_SESSION_02/SYNTH_phone_tablet_0017.jpg,0,0,0,0
phone_tablet/SYNTH_SESSION_03/SYNTH_phone_tablet_0018.jpg,0,0,0,0
phone_tablet/SYNTH_SESSION_04/SYNTH_phone_tablet_0019.jpg,0,0,0,0
computer_equipment/SYNTH_SESSION_01/SYNTH_computer_equipment_0000.jpg,0,0,0,0
computer_equipment/SYNTH_SESSION_02/SYNTH_computer_equipment_0001.jpg,0,0,0,0
computer_equipment/SYNTH_SESSION_03/SYNTH_computer_equipment_0002.jpg,0,0,0,0
computer_equipment/SYNTH_SESSION_04/SYNTH_computer_equipment_0003.jpg,0,0,0,0
computer_equipment/SYNTH_SESSION_01/SYNTH_computer_equipment_0004.jpg,0,0,0,0
computer_equipment/SYNTH_SESSION_02/SYNTH_computer_equipment_0005.jpg,0,0,0,0
computer_equipment/SYNTH_SESSION_03/SYNTH_computer_equipment_0006.jpg,0,0,0,0
computer_equipment/SYNTH_SESSION_04/SYNTH_computer_equipment_0007.jpg,0,0,0,0
computer_equipment/SYNTH_SESSION_01/SYNTH_computer_equipment_0008.jpg,0,0,0,0
computer_equipment/SYNTH_SESSION_02/SYNTH_computer_equipment_0009.jpg,0,0,0,0
computer_equipment/SYNTH_SESSION_03/SYNTH_computer_equipment_0010.jpg,0,0,0,0
computer_equipment/SYNTH_SESSION_04/SYNTH_computer_equipment_0011.jpg,0,0,0,0
computer_equipment/SYNTH_SESSION_01/SYNTH_computer_equipment_0012.jpg,0,0,0,0
computer_equipment/SYNTH_SESSION_02/SYNTH_computer_equipment_0013.jpg,0,0,0,0
computer_equipment/SYNTH_SESSION_03/SYNTH_computer_equipment_0014.jpg,0,0,0,0
computer_equipment/SYNTH_SESSION_04/SYNTH_computer_equipment_0015.jpg,0,0,0,0
computer_equipment/SYNTH_SESSION_01/SYNTH_computer_equipment_0016.jpg,0,0,0,0
computer_equipment/SYNTH_SESSION_02/SYNTH_computer_equipment_0017.jpg,0,0,0,0
computer_equipment/SYNTH_SESSION_03/SYNTH_computer_equipment_0018.jpg,0,0,0,0
computer_equipment/SYNTH_SESSION_04/SYNTH_computer_equipment_0019.jpg,0,0,0,0
display_tv_monitor/SYNTH_SESSION_01/SYNTH_display_tv_monitor_0000.jpg,0,0,1,0
display_tv_monitor/SYNTH_SESSION_02/SYNTH_display_tv_monitor_0001.jpg,0,0,0,0
display_tv_monitor/SYNTH_SESSION_03/SYNTH_display_tv_monitor_0002.jpg,0,0,0,0
display_tv_monitor/SYNTH_SESSION_04/SYNTH_display_tv_monitor_0003.jpg,0,0,0,0
display_tv_monitor/SYNTH_SESSION_01/SYNTH_display_tv_monitor_0004.jpg,0,0,0,0
display_tv_monitor/SYNTH_SESSION_02/SYNTH_display_tv_monitor_0005.jpg,0,0,1,0
display_tv_monitor/SYNTH_SESSION_03/SYNTH_display_tv_monitor_0006.jpg,0,0,0,0
display_tv_monitor/SYNTH_SESSION_04/SYNTH_display_tv_monitor_0007.jpg,0,0,0,0
display_tv_monitor/SYNTH_SESSION_01/SYNTH_display_tv_monitor_0008.jpg,0,0,0,0
display_tv_monitor/SYNTH_SESSION_02/SYNTH_display_tv_monitor_0009.jpg,0,0,0,0
display_tv_monitor/SYNTH_SESSION_03/SYNTH_display_tv_monitor_0010.jpg,0,0,1,0
display_tv_monitor/SYNTH_SESSION_04/SYNTH_display_tv_monitor_0011.jpg,0,0,0,0
display_tv_monitor/SYNTH_SESSION_01/SYNTH_display_tv_monitor_0012.jpg,0,0,0,0
display_tv_monitor/SYNTH_SESSION_02/SYNTH_display_tv_monitor_0013.jpg,0,0,0,0
display_tv_monitor/SYNTH_SESSION_03/SYNTH_display_tv_monitor_0014.jpg,0,0,0,0
display_tv_monitor/SYNTH_SESSION_04/SYNTH_display_tv_monitor_0015.jpg,0,0,1,0
display_tv_monitor/SYNTH_SESSION_01/SYNTH_display_tv_monitor_0016.jpg,0,0,0,0
display_tv_monitor/SYNTH_SESSION_02/SYNTH_display_tv_monitor_0017.jpg,0,0,0,0
display_tv_monitor/SYNTH_SESSION_03/SYNTH_display_tv_monitor_0018.jpg,0,0,0,0
display_tv_monitor/SYNTH_SESSION_04/SYNTH_display_tv_monitor_0019.jpg,0,0,0,0
charger_adapter/SYNTH_SESSION_01/SYNTH_charger_adapter_0000.jpg,0,0,0,0
charger_adapter/SYNTH_SESSION_02/SYNTH_charger_adapter_0001.jpg,0,0,0,0
charger_adapter/SYNTH_SESSION_03/SYNTH_charger_adapter_0002.jpg,0,0,0,0
charger_adapter/SYNTH_SESSION_04/SYNTH_charger_adapter_0003.jpg,0,0,0,0
charger_adapter/SYNTH_SESSION_01/SYNTH_charger_adapter_0004.jpg,0,0,0,0
charger_adapter/SYNTH_SESSION_02/SYNTH_charger_adapter_0005.jpg,0,0,0,0
charger_adapter/SYNTH_SESSION_03/SYNTH_charger_adapter_0006.jpg,0,0,0,0
charger_adapter/SYNTH_SESSION_04/SYNTH_charger_adapter_0007.jpg,0,0,0,0
charger_adapter/SYNTH_SESSION_01/SYNTH_charger_adapter_0008.jpg,0,0,0,0
charger_adapter/SYNTH_SESSION_02/SYNTH_charger_adapter_0009.jpg,0,0,0,0
charger_adapter/SYNTH_SESSION_03/SYNTH_charger_adapter_0010.jpg,0,0,0,0
charger_adapter/SYNTH_SESSION_04/SYNTH_charger_adapter_0011.jpg,0,0,0,0
charger_adapter/SYNTH_SESSION_01/SYNTH_charger_adapter_0012.jpg,0,0,0,0
charger_adapter/SYNTH_SESSION_02/SYNTH_charger_adapter_0013.jpg,0,0,0,0
charger_adapter/SYNTH_SESSION_03/SYNTH_charger_adapter_0014.jpg,0,0,0,0
charger_adapter/SYNTH_SESSION_04/SYNTH_charger_adapter_0015.jpg,0,0,0,0
charger_adapter/SYNTH_SESSION_01/SYNTH_charger_adapter_0016.jpg,0,0,0,0
charger_adapter/SYNTH_SESSION_02/SYNTH_charger_adapter_0017.jpg,0,0,0,0
charger_adapter/SYNTH_SESSION_03/SYNTH_charger_adapter_0018.jpg,0,0,0,0
charger_adapter/SYNTH_SESSION_04/SYNTH_charger_adapter_0019.jpg,0,0,0,0
cable_wire/SYNTH_SESSION_01/SYNTH_cable_wire_0000.jpg,0,0,0,0
cable_wire/SYNTH_SESSION_02/SYNTH_cable_wire_0001.jpg,0,0,0,0
cable_wire/SYNTH_SESSION_03/SYNTH_cable_wire_0002.jpg,0,0,0,0
cable_wire/SYNTH_SESSION_04/SYNTH_cable_wire_0003.jpg,0,0,0,0
cable_wire/SYNTH_SESSION_01/SYNTH_cable_wire_0004.jpg,0,0,0,0
cable_wire/SYNTH_SESSION_02/SYNTH_cable_wire_0005.jpg,0,0,0,0
cable_wire/SYNTH_SESSION_03/SYNTH_cable_wire_0006.jpg,0,0,0,0
cable_wire/SYNTH_SESSION_04/SYNTH_cable_wire_0007.jpg,0,0,0,0
cable_wire/SYNTH_SESSION_01/SYNTH_cable_wire_0008.jpg,0,0,0,0
cable_wire/SYNTH_SESSION_02/SYNTH_cable_wire_0009.jpg,0,0,0,0
cable_wire/SYNTH_SESSION_03/SYNTH_cable_wire_0010.jpg,0,0,0,0
cable_wire/SYNTH_SESSION_04/SYNTH_cable_wire_0011.jpg,0,0,0,0
cable_wire/SYNTH_SESSION_01/SYNTH_cable_wire_0012.jpg,0,0,0,0
cable_wire/SYNTH_SESSION_02/SYNTH_cable_wire_0013.jpg,0,0,0,0
cable_wire/SYNTH_SESSION_03/SYNTH_cable_wire_0014.jpg,0,0,0,0
cable_wire/SYNTH_SESSION_04/SYNTH_cable_wire_0015.jpg,0,0,0,0
cable_wire/SYNTH_SESSION_01/SYNTH_cable_wire_0016.jpg,0,0,0,0
cable_wire/SYNTH_SESSION_02/SYNTH_cable_wire_0017.jpg,0,0,0,0
cable_wire/SYNTH_SESSION_03/SYNTH_cable_wire_0018.jpg,0,0,0,0
cable_wire/SYNTH_SESSION_04/SYNTH_cable_wire_0019.jpg,0,0,0,0
battery_pack_powerbank/SYNTH_SESSION_01/SYNTH_battery_pack_powerbank_0000.jpg,1,0,0,1
battery_pack_powerbank/SYNTH_SESSION_02/SYNTH_battery_pack_powerbank_0001.jpg,1,0,0,0
battery_pack_powerbank/SYNTH_SESSION_03/SYNTH_battery_pack_powerbank_0002.jpg,1,0,0,0
battery_pack_powerbank/SYNTH_SESSION_04/SYNTH_battery_pack_powerbank_0003.jpg,1,0,0,0
battery_pack_powerbank/SYNTH_SESSION_01/SYNTH_battery_pack_powerbank_0004.jpg,1,0,0,1
battery_pack_powerbank/SYNTH_SESSION_02/SYNTH_battery_pack_powerbank_0005.jpg,1,0,0,0
battery_pack_powerbank/SYNTH_SESSION_03/SYNTH_battery_pack_powerbank_0006.jpg,1,0,0,0
battery_pack_powerbank/SYNTH_SESSION_04/SYNTH_battery_pack_powerbank_0007.jpg,1,0,0,0
battery_pack_powerbank/SYNTH_SESSION_01/SYNTH_battery_pack_powerbank_0008.jpg,1,0,0,1
battery_pack_powerbank/SYNTH_SESSION_02/SYNTH_battery_pack_powerbank_0009.jpg,1,0,0,0
battery_pack_powerbank/SYNTH_SESSION_03/SYNTH_battery_pack_powerbank_0010.jpg,1,0,0,0
battery_pack_powerbank/SYNTH_SESSION_04/SYNTH_battery_pack_powerbank_0011.jpg,1,0,0,0
battery_pack_powerbank/SYNTH_SESSION_01/SYNTH_battery_pack_powerbank_0012.jpg,1,0,0,1
battery_pack_powerbank/SYNTH_SESSION_02/SYNTH_battery_pack_powerbank_0013.jpg,1,0,0,0
battery_pack_powerbank/SYNTH_SESSION_03/SYNTH_battery_pack_powerbank_0014.jpg,1,0,0,0
battery_pack_powerbank/SYNTH_SESSION_04/SYNTH_battery_pack_powerbank_0015.jpg,1,0,0,0
battery_pack_powerbank/SYNTH_SESSION_01/SYNTH_battery_pack_powerbank_0016.jpg,1,0,0,1
battery_pack_powerbank/SYNTH_SESSION_02/SYNTH_battery_pack_powerbank_0017.jpg,1,0,0,0
battery_pack_powerbank/SYNTH_SESSION_03/SYNTH_battery_pack_powerbank_0018.jpg,1,0,0,0
battery_pack_powerbank/SYNTH_SESSION_04/SYNTH_battery_pack_powerbank_0019.jpg,1,0,0,0
small_battery_cells/SYNTH_SESSION_01/SYNTH_small_battery_cells_0000.jpg,1,0,0,1
small_battery_cells/SYNTH_SESSION_02/SYNTH_small_battery_cells_0001.jpg,1,0,0,0
small_battery_cells/SYNTH_SESSION_03/SYNTH_small_battery_cells_0002.jpg,1,0,0,0
small_battery_cells/SYNTH_SESSION_04/SYNTH_small_battery_cells_0003.jpg,1,0,0,0
small_battery_cells/SYNTH_SESSION_01/SYNTH_small_battery_cells_0004.jpg,1,0,0,1
small_battery_cells/SYNTH_SESSION_02/SYNTH_small_battery_cells_0005.jpg,1,0,0,0
small_battery_cells/SYNTH_SESSION_03/SYNTH_small_battery_cells_0006.jpg,1,0,0,0
small_battery_cells/SYNTH_SESSION_04/SYNTH_small_battery_cells_0007.jpg,1,0,0,0
small_battery_cells/SYNTH_SESSION_01/SYNTH_small_battery_cells_0008.jpg,1,0,0,1
small_battery_cells/SYNTH_SESSION_02/SYNTH_small_battery_cells_0009.jpg,1,0,0,0
small_battery_cells/SYNTH_SESSION_03/SYNTH_small_battery_cells_0010.jpg,1,0,0,0
small_battery_cells/SYNTH_SESSION_04/SYNTH_small_battery_cells_0011.jpg,1,0,0,0
small_battery_cells/SYNTH_SESSION_01/SYNTH_small_battery_cells_0012.jpg,1,0,0,1
small_battery_cells/SYNTH_SESSION_02/SYNTH_small_battery_cells_0013.jpg,1,0,0,0
small_battery_cells/SYNTH_SESSION_03/SYNTH_small_battery_cells_0014.jpg,1,0,0,0
small_battery_cells/SYNTH_SESSION_04/SYNTH_small_battery_cells_0015.jpg,1,0,0,0
small_battery_cells/SYNTH_SESSION_01/SYNTH_small_battery_cells_0016.jpg,1,0,0,1
small_battery_cells/SYNTH_SESSION_02/SYNTH_small_battery_cells_0017.jpg,1,0,0,0
small_battery_cells/SYNTH_SESSION_03/SYNTH_small_battery_cells_0018.jpg,1,0,0,0
small_battery_cells/SYNTH_SESSION_04/SYNTH_small_battery_cells_0019.jpg,1,0,0,0
circuit_board_loose/SYNTH_SESSION_01/SYNTH_circuit_board_loose_0000.jpg,0,0,0,0
circuit_board_loose/SYNTH_SESSION_02/SYNTH_circuit_board_loose_0001.jpg,0,0,0,0
circuit_board_loose/SYNTH_SESSION_03/SYNTH_circuit_board_loose_0002.jpg,0,0,0,0
circuit_board_loose/SYNTH_SESSION_04/SYNTH_circuit_board_loose_0003.jpg,0,0,0,0
circuit_board_loose/SYNTH_SESSION_01/SYNTH_circuit_board_loose_0004.jpg,0,0,0,0
circuit_board_loose/SYNTH_SESSION_02/SYNTH_circuit_board_loose_0005.jpg,0,0,0,0
circuit_board_loose/SYNTH_SESSION_03/SYNTH_circuit_board_loose_0006.jpg,0,0,0,0
circuit_board_loose/SYNTH_SESSION_04/SYNTH_circuit_board_loose_0007.jpg,0,0,0,0
circuit_board_loose/SYNTH_SESSION_01/SYNTH_circuit_board_loose_0008.jpg,0,0,0,0
circuit_board_loose/SYNTH_SESSION_02/SYNTH_circuit_board_loose_0009.jpg,0,0,0,0
circuit_board_loose/SYNTH_SESSION_03/SYNTH_circuit_board_loose_0010.jpg,0,0,0,0
circuit_board_loose/SYNTH_SESSION_04/SYNTH_circuit_board_loose_0011.jpg,0,0,0,0
circuit_board_loose/SYNTH_SESSION_01/SYNTH_circuit_board_loose_0012.jpg,0,0,0,0
circuit_board_loose/SYNTH_SESSION_02/SYNTH_circuit_board_loose_0013.jpg,0,0,0,0
circuit_board_loose/SYNTH_SESSION_03/SYNTH_circuit_board_loose_0014.jpg,0,0,0,0
circuit_board_loose/SYNTH_SESSION_04/SYNTH_circuit_board_loose_0015.jpg,0,0,0,0
circuit_board_loose/SYNTH_SESSION_01/SYNTH_circuit_board_loose_0016.jpg,0,0,0,0
circuit_board_loose/SYNTH_SESSION_02/SYNTH_circuit_board_loose_0017.jpg,0,0,0,0
circuit_board_loose/SYNTH_SESSION_03/SYNTH_circuit_board_loose_0018.jpg,0,0,0,0
circuit_board_loose/SYNTH_SESSION_04/SYNTH_circuit_board_loose_0019.jpg,0,0,0,0
audio_equipment/SYNTH_SESSION_01/SYNTH_audio_equipment_0000.jpg,0,0,0,0
audio_equipment/SYNTH_SESSION_02/SYNTH_audio_equipment_0001.jpg,0,0,0,0
audio_equipment/SYNTH_SESSION_03/SYNTH_audio_equipment_0002.jpg,0,0,0,0
audio_equipment/SYNTH_SESSION_04/SYNTH_audio_equipment_0003.jpg,0,0,0,0
audio_equipment/SYNTH_SESSION_01/SYNTH_audio_equipment_0004.jpg,0,0,0,0
audio_equipment/SYNTH_SESSION_02/SYNTH_audio_equipment_0005.jpg,0,0,0,0
audio_equipment/SYNTH_SESSION_03/SYNTH_audio_equipment_0006.jpg,0,0,0,0
audio_equipment/SYNTH_SESSION_04/SYNTH_audio_equipment_0007.jpg,0,0,0,0
audio_equipment/SYNTH_SESSION_01/SYNTH_audio_equipment_0008.jpg,0,0,0,0
audio_equipment/SYNTH_SESSION_02/SYNTH_audio_equipment_0009.jpg,0,0,0,0
audio_equipment/SYNTH_SESSION_03/SYNTH_audio_equipment_0010.jpg,0,0,0,0
audio_equipment/SYNTH_SESSION_04/SYNTH_audio_equipment_0011.jpg,0,0,0,0
audio_equipment/SYNTH_SESSION_01/SYNTH_audio_equipment_0012.jpg,0,0,0,0
audio_equipment/SYNTH_SESSION_02/SYNTH_audio_equipment_0013.jpg,0,0,0,0
audio_equipment/SYNTH_SESSION_03/SYNTH_audio_equipment_0014.jpg,0,0,0,0
audio_equipment/SYNTH_SESSION_04/SYNTH_audio_equipment_0015.jpg,0,0,0,0
audio_equipment/SYNTH_SESSION_01/SYNTH_audio_equipment_0016.jpg,0,0,0,0
audio_equipment/SYNTH_SESSION_02/SYNTH_audio_equipment_0017.jpg,0,0,0,0
audio_equipment/SYNTH_SESSION_03/SYNTH_audio_equipment_0018.jpg,0,0,0,0
audio_equipment/SYNTH_SESSION_04/SYNTH_audio_equipment_0019.jpg,0,0,0,0
peripheral_input/SYNTH_SESSION_01/SYNTH_peripheral_input_0000.jpg,0,0,0,0
peripheral_input/SYNTH_SESSION_02/SYNTH_peripheral_input_0001.jpg,0,0,0,0
peripheral_input/SYNTH_SESSION_03/SYNTH_peripheral_input_0002.jpg,0,0,0,0
peripheral_input/SYNTH_SESSION_04/SYNTH_peripheral_input_0003.jpg,0,0,0,0
peripheral_input/SYNTH_SESSION_01/SYNTH_peripheral_input_0004.jpg,0,0,0,0
peripheral_input/SYNTH_SESSION_02/SYNTH_peripheral_input_0005.jpg,0,0,0,0
peripheral_input/SYNTH_SESSION_03/SYNTH_peripheral_input_0006.jpg,0,0,0,0
peripheral_input/SYNTH_SESSION_04/SYNTH_peripheral_input_0007.jpg,0,0,0,0
peripheral_input/SYNTH_SESSION_01/SYNTH_peripheral_input_0008.jpg,0,0,0,0
peripheral_input/SYNTH_SESSION_02/SYNTH_peripheral_input_0009.jpg,0,0,0,0
peripheral_input/SYNTH_SESSION_03/SYNTH_peripheral_input_0010.jpg,0,0,0,0
peripheral_input/SYNTH_SESSION_04/SYNTH_peripheral_input_0011.jpg,0,0,0,0
peripheral_input/SYNTH_SESSION_01/SYNTH_peripheral_input_0012.jpg,0,0,0,0
peripheral_input/SYNTH_SESSION_02/SYNTH_peripheral_input_0013.jpg,0,0,0,0
peripheral_input/SYNTH_SESSION_03/SYNTH_peripheral_input_0014.jpg,0,0,0,0
peripheral_input/SYNTH_SESSION_04/SYNTH_peripheral_input_0015.jpg,0,0,0,0
peripheral_input/SYNTH_SESSION_01/SYNTH_peripheral_input_0016.jpg,0,0,0,0
peripheral_input/SYNTH_SESSION_02/SYNTH_peripheral_input_0017.jpg,0,0,0,0
peripheral_input/SYNTH_SESSION_03/SYNTH_peripheral_input_0018.jpg,0,0,0,0
peripheral_input/SYNTH_SESSION_04/SYNTH_peripheral_input_0019.jpg,0,0,0,0
small_appliance/SYNTH_SESSION_01/SYNTH_small_appliance_0000.jpg,0,0,0,0
small_appliance/SYNTH_SESSION_02/SYNTH_small_appliance_0001.jpg,0,0,0,0
small_appliance/SYNTH_SESSION_03/SYNTH_small_appliance_0002.jpg,0,0,0,0
small_appliance/SYNTH_SESSION_04/SYNTH_small_appliance_0003.jpg,0,0,0,0
small_appliance/SYNTH_SESSION_01/SYNTH_small_appliance_0004.jpg,0,0,0,0
small_appliance/SYNTH_SESSION_02/SYNTH_small_appliance_0005.jpg,0,0,0,0
small_appliance/SYNTH_SESSION_03/SYNTH_small_appliance_0006.jpg,0,0,0,0
small_appliance/SYNTH_SESSION_04/SYNTH_small_appliance_0007.jpg,0,0,0,0
small_appliance/SYNTH_SESSION_01/SYNTH_small_appliance_0008.jpg,0,0,0,0
small_appliance/SYNTH_SESSION_02/SYNTH_small_appliance_0009.jpg,0,0,0,0
small_appliance/SYNTH_SESSION_03/SYNTH_small_appliance_0010.jpg,0,0,0,0
small_appliance/SYNTH_SESSION_04/SYNTH_small_appliance_0011.jpg,0,0,0,0
small_appliance/SYNTH_SESSION_01/SYNTH_small_appliance_0012.jpg,0,0,0,0
small_appliance/SYNTH_SESSION_02/SYNTH_small_appliance_0013.jpg,0,0,0,0
small_appliance/SYNTH_SESSION_03/SYNTH_small_appliance_0014.jpg,0,0,0,0
small_appliance/SYNTH_SESSION_04/SYNTH_small_appliance_0015.jpg,0,0,0,0
small_appliance/SYNTH_SESSION_01/SYNTH_small_appliance_0016.jpg,0,0,0,0
small_appliance/SYNTH_SESSION_02/SYNTH_small_appliance_0017.jpg,0,0,0,0
small_appliance/SYNTH_SESSION_03/SYNTH_small_appliance_0018.jpg,0,0,0,0
small_appliance/SYNTH_SESSION_04/SYNTH_small_appliance_0019.jpg,0,0,0,0
large_appliance/SYNTH_SESSION_01/SYNTH_large_appliance_0000.jpg,0,0,0,0
large_appliance/SYNTH_SESSION_02/SYNTH_large_appliance_0001.jpg,0,0,0,0
large_appliance/SYNTH_SESSION_03/SYNTH_large_appliance_0002.jpg,0,0,0,0
large_appliance/SYNTH_SESSION_04/SYNTH_large_appliance_0003.jpg,0,0,0,0
large_appliance/SYNTH_SESSION_01/SYNTH_large_appliance_0004.jpg,0,0,0,0
large_appliance/SYNTH_SESSION_02/SYNTH_large_appliance_0005.jpg,0,0,0,0
large_appliance/SYNTH_SESSION_03/SYNTH_large_appliance_0006.jpg,0,0,0,0
large_appliance/SYNTH_SESSION_04/SYNTH_large_appliance_0007.jpg,0,0,0,0
large_appliance/SYNTH_SESSION_01/SYNTH_large_appliance_0008.jpg,0,0,0,0
large_appliance/SYNTH_SESSION_02/SYNTH_large_appliance_0009.jpg,0,0,0,0
large_appliance/SYNTH_SESSION_03/SYNTH_large_appliance_0010.jpg,0,0,0,0
large_appliance/SYNTH_SESSION_04/SYNTH_large_appliance_0011.jpg,0,0,0,0
large_appliance/SYNTH_SESSION_01/SYNTH_large_appliance_0012.jpg,0,0,0,0
large_appliance/SYNTH_SESSION_02/SYNTH_large_appliance_0013.jpg,0,0,0,0
large_appliance/SYNTH_SESSION_03/SYNTH_large_appliance_0014.jpg,0,0,0,0
large_appliance/SYNTH_SESSION_04/SYNTH_large_appliance_0015.jpg,0,0,0,0
large_appliance/SYNTH_SESSION_01/SYNTH_large_appliance_0016.jpg,0,0,0,0
large_appliance/SYNTH_SESSION_02/SYNTH_large_appliance_0017.jpg,0,0,0,0
large_appliance/SYNTH_SESSION_03/SYNTH_large_appliance_0018.jpg,0,0,0,0
large_appliance/SYNTH_SESSION_04/SYNTH_large_appliance_0019.jpg,0,0,0,0
lighting/SYNTH_SESSION_01/SYNTH_lighting_0000.jpg,0,1,0,0
lighting/SYNTH_SESSION_02/SYNTH_lighting_0001.jpg,0,0,0,0
lighting/SYNTH_SESSION_03/SYNTH_lighting_0002.jpg,0,1,0,0
lighting/SYNTH_SESSION_04/SYNTH_lighting_0003.jpg,0,0,0,0
lighting/SYNTH_SESSION_01/SYNTH_lighting_0004.jpg,0,1,0,0
lighting/SYNTH_SESSION_02/SYNTH_lighting_0005.jpg,0,0,0,0
lighting/SYNTH_SESSION_03/SYNTH_lighting_0006.jpg,0,1,0,0
lighting/SYNTH_SESSION_04/SYNTH_lighting_0007.jpg,0,0,0,0
lighting/SYNTH_SESSION_01/SYNTH_lighting_0008.jpg,0,1,0,0
lighting/SYNTH_SESSION_02/SYNTH_lighting_0009.jpg,0,0,0,0
lighting/SYNTH_SESSION_03/SYNTH_lighting_0010.jpg,0,1,0,0
lighting/SYNTH_SESSION_04/SYNTH_lighting_0011.jpg,0,0,0,0
lighting/SYNTH_SESSION_01/SYNTH_lighting_0012.jpg,0,1,0,0
lighting/SYNTH_SESSION_02/SYNTH_lighting_0013.jpg,0,0,0,0
lighting/SYNTH_SESSION_03/SYNTH_lighting_0014.jpg,0,1,0,0
lighting/SYNTH_SESSION_04/SYNTH_lighting_0015.jpg,0,0,0,0
lighting/SYNTH_SESSION_01/SYNTH_lighting_0016.jpg,0,1,0,0
lighting/SYNTH_SESSION_02/SYNTH_lighting_0017.jpg,0,0,0,0
lighting/SYNTH_SESSION_03/SYNTH_lighting_0018.jpg,0,1,0,0
lighting/SYNTH_SESSION_04/SYNTH_lighting_0019.jpg,0,0,0,0
